{
    "version": 2,
    "configurePresets": [
        {
            "name": "conan-debug",
            "displayName": "'conan-debug' config",
            "description": "'conan-debug' configure using 'Ninja' generator",
            "generator": "Ninja",
            "cacheVariables": {
                "CMAKE_TOOLCHAIN_FILE": "${sourceDir}/build/Debug/generators/conan_toolchain.cmake",
                "CMAKE_BUILD_TYPE": "Debug"
            },
            "binaryDir": "${sourceDir}/build"
        },
        {
            "name": "conan-release",
            "displayName": "'conan-release' config",
            "description": "'conan-release' configure using 'Ninja' generator",
            "generator": "Ninja",
            "cacheVariables": {
                "CMAKE_TOOLCHAIN_FILE": "${sourceDir}/build/Release/generators/conan_toolchain.cmake",
                "CMAKE_BUILD_TYPE": "Release"
            },
            "binaryDir": "${sourceDir}/build"
        }
    ]
}